STUDY ACCESSION	DISEASE/TRAIT	CHR_ID	CHR_POS	SNPS	P-VALUE	OR or BETA	MAPPED_GENE	PUBMEDID	DATE
GCST0000072	Lung cancer	12	25204912	rs1000353	4.25e-22	1.155	KRAS	35972328	2011-06-07
GCST0000074	Lung cancer	17	7620282	rs1000360	6.52e-10	-0.3357	TP53	29091564	2023-11-25
GCST0000091	Hypertension	1	230758588	rs1000446	8.79e-24	0.0288	AGT	21812865	2018-08-21
GCST0000033	Body mass index	18	57832184	rs1000170	1.69e-17	-0.4371	MC4R	21197835	2013-10-22
GCST0000023	Alzheimer disease	19	51215320	rs1000122	2.42e-18	-0.6003	CD33	32259291	2024-11-18
GCST0000068	Rheumatoid arthritis	2	203864341	rs1000337	2.98e-16	0.6739	CTLA4	20524466	2022-08-06
GCST0000016	Alzheimer disease	11	60021322	rs1000085	2.05e-11	-1.1615	MS4A6A	22352155	2024-06-04
GCST0000035	Schizophrenia	14	104777019	rs1000178	4.67e-07	-1.0541	AKT1	33044873	2009-04-06
GCST0000059	Colorectal cancer	2	47451650	rs1000290	1.19e-20	-0.7905	MSH2	27154873	2008-09-25
GCST0000078	Lung cancer	13	48351941	rs1000375	5.66e-11	-0.7988	RB1	36773445	2009-10-26
GCST0000099	Atrial fibrillation	4	111498724	rs1000485	1.64e-08	-0.4793	PITX2	27895352	2021-10-07
GCST0000076	Lung cancer	17	7615018	rs1000368	3.24e-10	-0.7986	TP53	28028023	2012-11-03
GCST0000098	Melanoma	1	114680042	rs1000482	2.31e-22	1.2682	NRAS	37277301	2010-11-24
GCST0000039	Schizophrenia	1	230375458	rs1000198	1.47e-18	1.4198	DISC1	31384519	2008-11-08
GCST0000018	Alzheimer disease	11	60005667	rs1000091	9.65e-16	0.2717	MS4A6A	32899124	2022-02-24
GCST0000027	Body mass index	18	57820396	rs1000142	8.41e-15	0.647	MC4R	21319735	2019-05-01
GCST0000091	Hypertension	8	143962254	rs1000441	1.25e-28	-1.4875	CYP11B2	21812865	2018-09-24
GCST0000047	Inflammatory bowel disease	1	113810373	rs1000232	5.83e-25	0.8103	PTPN22	35811507	2008-09-09
GCST0000087	Hypertension	17	61563261	rs1000423	2.76e-15	0.4218	ACE	26500130	2010-04-17
GCST0000077	Lung cancer	19	1195050	rs1000374	8.99e-13	-0.4601	STK11	21262358	2012-07-13
GCST0000032	Body mass index	16	53703256	rs1000162	4.44e-06	0.0775	FTO	26357373	2011-08-27
GCST0000047	Inflammatory bowel disease	5	150904897	rs1000236	5.74e-21	1.0752	IRGM	35811507	2008-02-27
GCST0000020	Alzheimer disease	2	127100940	rs1000104	3.10e-27	-0.5909	BIN1	32043300	2017-12-06
GCST0000033	Body mass index	18	57835717	rs1000165	1.30e-11	-0.1471	MC4R	21197835	2013-04-12
GCST0000013	Coronary artery disease	6	160528326	rs1000062	8.27e-10	-0.682	LPA	33130868	2007-07-21
GCST0000054	Colorectal cancer	3	36961983	rs1000271	2.54e-25	-0.2347	MLH1	27401185	2009-05-10
GCST0000015	Alzheimer disease	19	51216052	rs1000073	7.35e-09	-1.1093	CD33	34631667	2019-02-14
GCST0000039	Schizophrenia	13	106332376	rs1000196	8.39e-20	-0.2308	DAOA	31384519	2008-07-26
GCST0000031	Body mass index	11	27616555	rs1000160	4.43e-30	-0.9052	BDNF	22847512	2021-12-28
GCST0000050	Prostate cancer	13	32290945	rs1000252	9.45e-28	-1.2472	BRCA2	30312529	2010-09-11
GCST0000037	Schizophrenia	1	162605715	rs1000188	5.81e-14	-1.3685	RGS4	37916054	2021-10-15
GCST0000056	Colorectal cancer	5	112668592	rs1000284	6.71e-26	0.3206	APC	31319356	2019-07-19
GCST0000051	Prostate cancer	11	108176487	rs1000254	5.52e-28	0.1198	ATM	35307014	2012-05-08
GCST0000020	Alzheimer disease	2	127028846	rs1000106	6.01e-20	-0.0283	BIN1	32043300	2017-09-22
GCST0000041	Schizophrenia	13	106331929	rs1000206	2.93e-14	1.2543	DAOA	33606585	2010-03-07
GCST0000003	Type 2 diabetes	3	185549379	rs1000008	2.94e-26	-0.1427	IGF2BP2	24827563	2024-04-03
GCST0000051	Prostate cancer	3	36982407	rs1000258	4.89e-20	-1.4844	MLH1	35307014	2012-06-08
GCST0000069	Rheumatoid arthritis	2	203862824	rs1000342	1.30e-10	-0.8989	CTLA4	22708601	2007-04-26
GCST0000097	Melanoma	3	69800462	rs1000474	2.13e-30	1.0713	MITF	20975267	2022-02-24
GCST0000014	Coronary artery disease	19	44903318	rs1000072	3.35e-09	-0.1742	APOE	37293383	2022-10-17
GCST0000058	Colorectal cancer	7	140708389	rs1000289	1.78e-15	-0.5399	BRAF	24608010	2017-07-11
GCST0000046	Inflammatory bowel disease	1	67403949	rs1000228	4.65e-10	-1.0311	IL23R	36404584	2007-08-04
GCST0000022	Alzheimer disease	11	60024151	rs1000119	4.45e-11	-0.7045	MS4A6A	21852025	2009-05-19
GCST0000060	Colorectal cancer	2	47399128	rs1000299	8.69e-27	-0.8617	MSH2	25819937	2017-09-10
GCST0000080	Lung cancer	7	55019596	rs1000387	8.03e-13	-0.8009	EGFR	34052122	2007-11-17
GCST0000012	Coronary artery disease	6	160490228	rs1000059	1.07e-20	-0.4147	LPA	25087102	2017-08-19
GCST0000096	Melanoma	7	140765771	rs1000473	7.28e-14	-0.1671	BRAF	25901808	2012-10-16
GCST0000042	Schizophrenia	14	104771122	rs1000211	7.66e-26	-1.2371	AKT1	27102740	2023-03-01
GCST0000042	Schizophrenia	22	19895284	rs1000213	5.88e-11	0.4459	COMT	27102740	2023-11-08
GCST0000057	Colorectal cancer	18	51024772	rs1000285	1.19e-16	-0.2552	SMAD4	30879519	2010-09-11
GCST0000080	Lung cancer	7	55059328	rs1000386	8.24e-21	-1.4195	EGFR	34052122	2007-04-03
GCST0000063	Colorectal cancer	3	179099341	rs1000309	2.90e-11	-1.4407	PIK3CA	33930267	2012-05-22
GCST0000031	Body mass index	18	57804413	rs1000159	8.36e-29	0.4413	MC4R	22847512	2021-11-08
GCST0000052	Colorectal cancer	7	140687673	rs1000260	1.38e-23	0.059	BRAF	22146061	2010-04-04
GCST0000098	Melanoma	12	57737148	rs1000481	3.09e-11	-0.7271	CDK4	37277301	2010-08-22
GCST0000048	Inflammatory bowel disease	1	67434704	rs1000238	4.31e-14	-1.0867	IL23R	28143075	2011-04-15
GCST0000060	Colorectal cancer	7	140750687	rs1000297	5.87e-13	1.4162	BRAF	25819937	2017-01-02
GCST0000057	Colorectal cancer	3	179148184	rs1000286	3.72e-12	-1.1561	PIK3CA	30879519	2010-02-18
GCST0000007	Breast cancer	11	108260067	rs1000036	1.19e-13	-0.4685	ATM	22446772	2009-06-15
GCST0000003	Type 2 diabetes	3	185532828	rs1000012	2.08e-24	-1.4268	IGF2BP2	24827563	2024-08-15
GCST0000062	Colorectal cancer	12	25219337	rs1000306	8.68e-25	0.1144	KRAS	29190336	2011-11-21
GCST0000047	Inflammatory bowel disease	1	67402847	rs1000231	8.92e-20	-0.0409	IL23R	35811507	2008-06-26
GCST0000053	Colorectal cancer	3	179191325	rs1000267	3.61e-17	1.4041	PIK3CA	23831234	2022-09-28
GCST0000073	Lung cancer	17	7620348	rs1000355	1.09e-08	1.1482	TP53	26917589	2011-03-26
GCST0000065	Rheumatoid arthritis	1	17720395	rs1000321	6.00e-17	-1.4845	PADI4	28175356	2008-04-11
GCST0000005	Type 2 diabetes	3	12337590	rs1000023	2.99e-21	0.8997	PPARG	23565148	2021-12-26
GCST0000091	Hypertension	12	6893103	rs1000443	4.69e-15	-0.0313	GNB3	21812865	2018-11-19
GCST0000055	Colorectal cancer	12	25228783	rs1000280	7.43e-22	0.4317	KRAS	26799508	2020-02-07
GCST0000062	Colorectal cancer	3	179108275	rs1000307	3.42e-19	1.1777	PIK3CA	29190336	2011-11-15
GCST0000093	Melanoma	9	21969914	rs1000455	3.35e-23	-1.4807	CDKN2A	28434972	2017-03-27
GCST0000067	Rheumatoid arthritis	2	203896347	rs1000333	2.06e-25	0.372	CTLA4	32620863	2012-08-13
GCST0000029	Body mass index	2	607337	rs1000151	2.45e-26	0.5954	TMEM18	33089742	2010-09-03
GCST0000088	Hypertension	3	148721403	rs1000431	6.29e-21	-0.3555	AGTR1	25006905	2022-06-06
GCST0000026	Body mass index	4	44689872	rs1000138	7.69e-28	-0.7858	GNPDA2	25926326	2024-02-25
GCST0000108	Parkinson disease	1	20939579	rs1000532	1.44e-12	-1.2062	PINK1	21823326	2020-04-13
GCST0000010	Coronary artery disease	19	44910085	rs1000050	3.24e-09	0.2615	APOE	20029113	2008-02-05
GCST0000021	Alzheimer disease	19	51225639	rs1000110	3.68e-08	-0.4646	CD33	30161224	2019-06-14
GCST0000076	Lung cancer	19	1209400	rs1000367	6.49e-15	-0.0074	STK11	28028023	2012-05-13
GCST0000097	Melanoma	10	89661414	rs1000478	1.24e-30	1.4617	PTEN	20975267	2022-08-06
GCST0000101	Atrial fibrillation	3	38563122	rs1000496	3.81e-27	0.6822	SCN5A	26668990	2017-05-27
GCST0000019	Alzheimer disease	19	51257279	rs1000100	2.63e-21	0.7805	CD33	24066919	2024-11-25
GCST0000048	Inflammatory bowel disease	5	158759444	rs1000244	1.36e-25	-0.4147	IL12B	28143075	2011-01-15
GCST0000023	Alzheimer disease	11	85677544	rs1000124	1.63e-22	0.1427	PICALM	32259291	2024-01-21
GCST0000109	Parkinson disease	16	46650354	rs1000535	5.39e-10	1.3395	VPS35	24863422	2013-07-06
GCST0000063	Colorectal cancer	5	112658603	rs1000308	7.60e-09	-0.3886	APC	33930267	2012-04-15
GCST0000107	Parkinson disease	1	155226315	rs1000525	4.22e-12	-0.3547	GBA	35803810	2022-03-13
GCST0000020	Alzheimer disease	2	127063837	rs1000103	8.63e-17	-1.3921	BIN1	32043300	2017-03-18
GCST0000101	Atrial fibrillation	1	154868706	rs1000493	1.92e-26	-0.0149	KCNN3	26668990	2017-12-13
GCST0000023	Alzheimer disease	11	60031495	rs1000120	3.79e-14	-1.2982	MS4A6A	32259291	2024-09-16
GCST0000073	Lung cancer	12	25233830	rs1000357	1.83e-16	0.4084	KRAS	26917589	2011-01-25
GCST0000037	Schizophrenia	13	106309316	rs1000192	1.07e-15	-0.966	DAOA	37916054	2021-07-03
GCST0000028	Body mass index	1	71880984	rs1000147	3.00e-13	1.309	NEGR1	26409002	2016-04-10
GCST0000093	Melanoma	3	69806863	rs1000457	3.79e-16	-0.635	MITF	28434972	2017-07-06
GCST0000050	Prostate cancer	11	108266334	rs1000246	1.05e-25	1.1274	ATM	30312529	2010-05-14
GCST0000076	Lung cancer	7	54984560	rs1000371	1.65e-07	-1.3852	EGFR	28028023	2012-04-11
GCST0000066	Rheumatoid arthritis	2	191057612	rs1000331	5.39e-21	-0.2045	STAT4	24475184	2010-02-22
GCST0000083	Hypertension	1	230698336	rs1000398	2.16e-22	-1.2998	AGT	23210617	2018-12-24
GCST0000099	Atrial fibrillation	3	38581554	rs1000489	5.22e-25	0.8926	SCN5A	27895352	2021-03-17
GCST0000007	Breast cancer	11	108206964	rs1000035	5.73e-15	-0.8845	ATM	22446772	2009-12-02
GCST0000082	Hypertension	8	143974628	rs1000396	3.24e-10	0.3532	CYP11B2	23942908	2023-07-15
GCST0000006	Type 2 diabetes	8	117152565	rs1000028	1.34e-26	0.0589	SLC30A8	28690472	2010-06-14
GCST0000008	Breast cancer	17	42997250	rs1000045	8.13e-08	1.0484	BRCA1	28408618	2021-11-22
GCST0000091	Hypertension	8	144016109	rs1000445	8.73e-10	0.7889	CYP11B2	21812865	2018-05-25
GCST0000091	Hypertension	7	151034770	rs1000442	4.40e-15	-0.2863	NOS3	21812865	2018-07-13
GCST0000105	Parkinson disease	6	161726774	rs1000512	1.43e-23	1.0866	PRKN	26709404	2019-09-06
GCST0000083	Hypertension	3	148720723	rs1000399	1.91e-28	-0.2662	AGTR1	23210617	2018-09-04
GCST0000025	Body mass index	4	44642684	rs1000132	1.87e-06	0.869	GNPDA2	29729398	2013-05-22
GCST0000065	Rheumatoid arthritis	6	32610859	rs1000326	4.20e-29	1.0215	HLA-DRB1	28175356	2008-04-04
GCST0000106	Parkinson disease	16	46660414	rs1000518	2.22e-18	-0.4093	VPS35	27404213	2009-09-06
GCST0000048	Inflammatory bowel disease	5	150881075	rs1000243	4.62e-16	-0.2721	IRGM	28143075	2011-08-28
GCST0000065	Rheumatoid arthritis	8	11445790	rs1000327	1.10e-11	-0.4776	BLK	28175356	2008-01-27
GCST0000069	Rheumatoid arthritis	9	120993213	rs1000344	1.01e-20	-0.5066	TRAF1	22708601	2007-10-19
GCST0000035	Schizophrenia	1	162669347	rs1000177	8.09e-25	-1.0462	RGS4	33044873	2009-11-21
GCST0000018	Alzheimer disease	19	44913213	rs1000090	8.58e-19	0.5296	APOE	32899124	2022-02-05
GCST0000025	Body mass index	4	44696984	rs1000133	3.98e-10	1.0576	GNPDA2	29729398	2013-12-16
GCST0000007	Breast cancer	17	43069494	rs1000041	2.13e-22	0.8987	BRCA1	22446772	2009-12-15
GCST0000085	Hypertension	17	61592901	rs1000407	4.93e-19	-0.1738	ACE	35576504	2013-01-27
GCST0000094	Melanoma	1	114763413	rs1000460	1.60e-10	1.4488	NRAS	35205111	2008-07-15
GCST0000015	Alzheimer disease	11	85694128	rs1000080	2.01e-14	-1.0183	PICALM	34631667	2019-09-25
GCST0000008	Breast cancer	2	215679522	rs1000044	1.32e-10	0.0793	BARD1	28408618	2021-05-07
GCST0000016	Alzheimer disease	19	44903829	rs1000083	3.52e-23	-0.9446	APOE	22352155	2024-11-04
GCST0000045	Inflammatory bowel disease	5	158786976	rs1000223	1.57e-10	-0.4685	IL12B	21237409	2011-04-17
GCST0000004	Type 2 diabetes	6	20666860	rs1000014	1.51e-24	0.5942	CDKAL1	34470468	2013-10-18
GCST0000102	Atrial fibrillation	15	73569379	rs1000500	5.69e-27	0.6288	HCN4	27719641	2010-08-21
GCST0000053	Colorectal cancer	3	179195958	rs1000269	1.20e-09	0.1771	PIK3CA	23831234	2022-02-20
GCST0000020	Alzheimer disease	11	60018338	rs1000105	1.71e-16	-0.5626	MS4A6A	32043300	2017-07-16
GCST0000087	Hypertension	8	144024663	rs1000420	3.91e-23	0.5337	CYP11B2	26500130	2010-12-05
GCST0000085	Hypertension	17	61524541	rs1000406	9.63e-17	-0.9662	ACE	35576504	2013-12-02
GCST0000004	Type 2 diabetes	10	112998691	rs1000013	4.61e-28	-0.5013	TCF7L2	34470468	2013-01-10
GCST0000031	Body mass index	1	71884426	rs1000157	1.08e-10	-0.2565	NEGR1	22847512	2021-03-13
GCST0000006	Type 2 diabetes	10	112969320	rs1000034	1.60e-23	-0.6443	TCF7L2	28690472	2010-03-27
GCST0000079	Lung cancer	7	140696092	rs1000384	1.92e-29	-1.3089	BRAF	30106587	2018-07-07
GCST0000007	Breast cancer	13	32335847	rs1000037	4.11e-30	0.1009	BRCA2	22446772	2009-02-01
GCST0000044	Schizophrenia	1	230463781	rs1000221	3.04e-07	-1.4429	DISC1	24998054	2014-10-11
GCST0000069	Rheumatoid arthritis	1	17669932	rs1000339	1.83e-17	0.31	PADI4	22708601	2007-05-12
GCST0000088	Hypertension	8	143978428	rs1000427	1.15e-13	0.8609	CYP11B2	25006905	2022-01-17
GCST0000088	Hypertension	3	148770637	rs1000426	1.93e-30	-0.1688	AGTR1	25006905	2022-06-05
GCST0000051	Prostate cancer	11	108270580	rs1000259	1.88e-30	0.1968	ATM	35307014	2012-11-22
GCST0000051	Prostate cancer	13	32304924	rs1000255	6.87e-24	1.4609	BRCA2	35307014	2012-02-24
GCST0000085	Hypertension	8	143991079	rs1000411	1.91e-28	-0.9	CYP11B2	35576504	2013-01-14
GCST0000096	Melanoma	9	21959981	rs1000472	3.84e-06	-0.4194	CDKN2A	25901808	2012-01-26
GCST0000077	Lung cancer	13	48343343	rs1000372	7.31e-27	-0.9281	RB1	21262358	2012-10-05
GCST0000015	Alzheimer disease	1	207509958	rs1000075	1.17e-24	-1.3724	CR1	34631667	2019-02-02
GCST0000074	Lung cancer	13	48290460	rs1000358	1.51e-27	1.0545	RB1	29091564	2023-10-16
GCST0000060	Colorectal cancer	12	25166244	rs1000294	6.97e-27	0.0013	KRAS	25819937	2017-03-12
GCST0000014	Coronary artery disease	19	44923713	rs1000066	9.22e-13	0.8364	APOE	37293383	2022-07-11
GCST0000039	Schizophrenia	14	104767512	rs1000195	1.53e-18	-0.0311	AKT1	31384519	2008-07-16
GCST0000102	Atrial fibrillation	1	154855175	rs1000498	6.78e-24	-0.6529	KCNN3	27719641	2010-04-23
GCST0000022	Alzheimer disease	1	207459600	rs1000116	5.35e-23	-0.8823	CR1	21852025	2009-08-17
GCST0000064	Rheumatoid arthritis	2	191098636	rs1000318	4.75e-12	0.1803	STAT4	25536686	2021-08-01
GCST0000078	Lung cancer	12	25220755	rs1000380	5.49e-26	1.0029	KRAS	36773445	2009-06-08
GCST0000070	Rheumatoid arthritis	1	17677522	rs1000348	9.82e-16	0.9783	PADI4	20242397	2012-01-12
GCST0000053	Colorectal cancer	12	25209892	rs1000266	2.54e-26	-1.067	KRAS	23831234	2022-03-16
GCST0000007	Breast cancer	17	7696614	rs1000040	2.31e-23	-0.0783	TP53	22446772	2009-05-25
GCST0000085	Hypertension	17	61505033	rs1000410	6.07e-07	-0.3678	ACE	35576504	2013-04-08
GCST0000009	Breast cancer	17	7659104	rs1000047	1.15e-15	0.6479	TP53	20629641	2022-07-12
GCST0000088	Hypertension	8	143996354	rs1000428	6.29e-22	-0.6346	CYP11B2	25006905	2022-01-08
GCST0000014	Coronary artery disease	9	104801297	rs1000069	7.05e-27	0.6376	ABCA1	37293383	2022-12-25
GCST0000069	Rheumatoid arthritis	8	11392683	rs1000343	2.89e-14	0.5036	BLK	22708601	2007-12-23
GCST0000060	Colorectal cancer	2	47416268	rs1000298	1.47e-12	-0.7473	MSH2	25819937	2017-11-13
GCST0000019	Alzheimer disease	8	27427908	rs1000099	2.72e-15	0.5376	CLU	24066919	2024-03-10
GCST0000038	Schizophrenia	1	162657697	rs1000193	7.53e-13	0.7577	RGS4	20550906	2008-11-05
GCST0000046	Inflammatory bowel disease	3	49706518	rs1000230	6.66e-07	-1.4456	MST1	36404584	2007-05-12
GCST0000024	Alzheimer disease	19	51196805	rs1000130	3.88e-12	0.3037	CD33	31410613	2009-07-08
GCST0000021	Alzheimer disease	19	44896703	rs1000112	1.54e-20	1.2312	APOE	30161224	2019-02-28
GCST0000055	Colorectal cancer	3	36994108	rs1000277	1.51e-11	-0.3138	MLH1	26799508	2020-09-02
GCST0000042	Schizophrenia	13	106322194	rs1000212	1.59e-08	-1.4523	DAOA	27102740	2023-04-28
GCST0000024	Alzheimer disease	8	27419318	rs1000131	1.78e-09	-1.4169	CLU	31410613	2009-05-15
GCST0000040	Schizophrenia	22	19924981	rs1000203	1.30e-14	0.2567	COMT	31331955	2008-09-01
GCST0000054	Colorectal cancer	18	51029668	rs1000275	1.32e-17	0.6601	SMAD4	27401185	2009-10-05
GCST0000064	Rheumatoid arthritis	2	191106962	rs1000317	2.64e-06	1.4094	STAT4	25536686	2021-11-18
GCST0000102	Atrial fibrillation	3	38561113	rs1000501	3.72e-20	-0.1743	SCN5A	27719641	2010-08-10
GCST0000004	Type 2 diabetes	3	12353745	rs1000015	1.37e-25	0.8631	PPARG	34470468	2013-02-20
GCST0000067	Rheumatoid arthritis	1	17700609	rs1000332	9.08e-16	0.3519	PADI4	32620863	2012-07-08
GCST0000040	Schizophrenia	8	31490676	rs1000200	8.37e-19	-0.6136	NRG1	31331955	2008-01-18
GCST0000061	Colorectal cancer	18	50998518	rs1000301	7.47e-24	1.4965	SMAD4	22121374	2010-07-07
GCST0000045	Inflammatory bowel disease	5	150918111	rs1000226	1.74e-15	-0.2494	IRGM	21237409	2011-11-21
GCST0000047	Inflammatory bowel disease	5	158711606	rs1000233	4.62e-27	1.1211	IL12B	35811507	2008-10-22
GCST0000082	Hypertension	1	230753355	rs1000395	1.55e-25	-0.3267	AGT	23942908	2023-03-14
GCST0000066	Rheumatoid arthritis	6	32619649	rs1000330	2.37e-07	-1.1174	HLA-DRB1	24475184	2010-08-02
GCST0000002	Type 2 diabetes	6	20706721	rs1000005	1.98e-16	1.1178	CDKAL1	36510703	2010-04-11
GCST0000083	Hypertension	7	150988028	rs1000400	1.22e-07	-1.1843	NOS3	23210617	2018-06-14
GCST0000107	Parkinson disease	12	40587588	rs1000527	4.00e-19	-1.2883	LRRK2	35803810	2022-12-09
GCST0000084	Hypertension	12	6814206	rs1000405	1.70e-17	-0.6626	GNB3	37030241	2014-03-06
GCST0000023	Alzheimer disease	11	59994990	rs1000123	9.96e-11	-0.2931	MS4A6A	32259291	2024-10-17
GCST0000004	Type 2 diabetes	6	20617795	rs1000017	1.68e-08	-0.4032	CDKAL1	34470468	2013-10-02
GCST0000091	Hypertension	8	144004999	rs1000440	1.59e-07	-1.09	CYP11B2	21812865	2018-08-07
GCST0000068	Rheumatoid arthritis	8	11397177	rs1000335	4.93e-06	0.6399	BLK	20524466	2022-10-26
GCST0000078	Lung cancer	19	1174010	rs1000379	3.65e-20	-1.115	STK11	36773445	2009-12-01
GCST0000045	Inflammatory bowel disease	5	150918611	rs1000225	3.77e-22	-1.1065	IRGM	21237409	2011-05-24
GCST0000093	Melanoma	10	89637646	rs1000456	9.13e-06	-1.2905	PTEN	28434972	2017-12-14
GCST0000054	Colorectal cancer	2	47381323	rs1000272	2.65e-10	0.719	MSH2	27401185	2009-01-04
GCST0000017	Alzheimer disease	1	207542977	rs1000088	1.58e-13	1.4285	CR1	27578162	2007-08-08
GCST0000052	Colorectal cancer	7	140727806	rs1000264	1.12e-07	0.5305	BRAF	22146061	2010-07-19
GCST0000070	Rheumatoid arthritis	2	203908621	rs1000346	1.75e-11	0.3718	CTLA4	20242397	2012-04-16
GCST0000088	Hypertension	17	61591585	rs1000430	1.95e-30	0.9044	ACE	25006905	2022-12-24
GCST0000062	Colorectal cancer	7	140696933	rs1000303	3.20e-17	0.2985	BRAF	29190336	2011-01-23
GCST0000020	Alzheimer disease	19	44926495	rs1000107	4.95e-20	-0.0723	APOE	32043300	2017-03-17
GCST0000103	Parkinson disease	12	40663519	rs1000506	7.95e-16	-1.398	LRRK2	27643097	2010-04-13
GCST0000006	Type 2 diabetes	6	20645116	rs1000032	2.14e-11	-0.3843	CDKAL1	28690472	2010-05-25
GCST0000003	Type 2 diabetes	11	17400903	rs1000011	1.88e-22	-1.0146	KCNJ11	24827563	2024-08-28
GCST0000007	Breast cancer	17	43014749	rs1000039	7.81e-06	0.7155	BRCA1	22446772	2009-09-11
GCST0000036	Schizophrenia	8	31534850	rs1000184	4.90e-11	1.494	NRG1	30325734	2022-01-17
GCST0000110	Parkinson disease	1	20916917	rs1000538	1.09e-28	0.4176	PINK1	35266960	2012-06-23
GCST0000085	Hypertension	3	148705720	rs1000409	1.72e-15	-0.575	AGTR1	35576504	2013-01-20
GCST0000060	Colorectal cancer	3	37014189	rs1000295	2.33e-30	0.8461	MLH1	25819937	2017-09-14
GCST0000076	Lung cancer	7	55036160	rs1000366	2.96e-21	-0.2217	EGFR	28028023	2012-08-14
GCST0000037	Schizophrenia	22	19980982	rs1000185	8.92e-09	-0.3793	COMT	37916054	2021-02-27
GCST0000015	Alzheimer disease	19	44861468	rs1000077	2.21e-07	0.5028	APOE	34631667	2019-02-26
GCST0000095	Melanoma	7	140670573	rs1000463	2.98e-07	0.7554	BRAF	23503790	2008-01-22
GCST0000031	Body mass index	16	53737331	rs1000158	2.40e-29	1.153	FTO	22847512	2021-04-01
GCST0000109	Parkinson disease	6	161763694	rs1000536	7.04e-26	0.5334	PRKN	24863422	2013-09-18
GCST0000062	Colorectal cancer	3	179115641	rs1000304	6.90e-22	-1.4939	PIK3CA	29190336	2011-08-01
GCST0000005	Type 2 diabetes	3	12329556	rs1000025	3.56e-28	-0.6349	PPARG	23565148	2021-02-04
GCST0000021	Alzheimer disease	11	59958818	rs1000114	3.00e-17	1.0901	MS4A6A	30161224	2019-10-17
GCST0000096	Melanoma	10	89664723	rs1000468	9.01e-16	1.0063	PTEN	25901808	2012-03-01
GCST0000010	Coronary artery disease	1	55047547	rs1000049	6.08e-13	0.917	PCSK9	20029113	2008-07-24
GCST0000010	Coronary artery disease	19	44867277	rs1000048	4.05e-11	1.1634	APOE	20029113	2008-12-14
GCST0000041	Schizophrenia	13	106312479	rs1000209	4.65e-06	0.4674	DAOA	33606585	2010-08-23
GCST0000033	Body mass index	11	47623909	rs1000167	1.64e-27	1.4232	MTCH2	21197835	2013-07-22
GCST0000048	Inflammatory bowel disease	2	233787359	rs1000239	5.88e-25	-1.4802	ATG16L1	28143075	2011-08-11
GCST0000093	Melanoma	16	89893589	rs1000459	2.72e-18	-1.1693	MC1R	28434972	2017-10-27
GCST0000006	Type 2 diabetes	11	17415789	rs1000030	2.26e-22	0.0905	KCNJ11	28690472	2010-09-15
GCST0000105	Parkinson disease	4	89750739	rs1000515	3.35e-19	0.9565	SNCA	26709404	2019-11-04
GCST0000052	Colorectal cancer	12	25228511	rs1000265	1.06e-18	-0.3157	KRAS	22146061	2010-05-19
GCST0000031	Body mass index	2	616297	rs1000161	5.69e-07	0.354	TMEM18	22847512	2021-10-09
GCST0000110	Parkinson disease	12	40601464	rs1000539	1.11e-22	-0.2453	LRRK2	35266960	2012-08-06
GCST0000005	Type 2 diabetes	3	12305121	rs1000027	9.61e-19	0.3818	PPARG	23565148	2021-05-14
GCST0000045	Inflammatory bowel disease	5	158788074	rs1000227	9.85e-15	-0.083	IL12B	21237409	2011-03-20
GCST0000005	Type 2 diabetes	3	185474151	rs1000022	1.76e-17	0.0957	IGF2BP2	23565148	2021-09-10
GCST0000099	Atrial fibrillation	15	73619558	rs1000484	6.15e-26	-0.8293	HCN4	27895352	2021-02-10
GCST0000029	Body mass index	1	71857989	rs1000149	2.63e-26	1.3215	NEGR1	33089742	2010-08-24
GCST0000011	Coronary artery disease	19	44910127	rs1000053	4.24e-10	-0.1136	APOE	33102462	2015-10-25
GCST0000014	Coronary artery disease	1	55004485	rs1000070	3.68e-16	1.2481	PCSK9	37293383	2022-02-27
GCST0000073	Lung cancer	9	21986817	rs1000354	3.74e-30	1.4931	CDKN2A	26917589	2011-07-23
GCST0000074	Lung cancer	12	25221982	rs1000361	4.40e-15	0.0567	KRAS	29091564	2023-03-11
GCST0000065	Rheumatoid arthritis	6	32550327	rs1000324	5.88e-14	-1.3115	HLA-DRB1	28175356	2008-11-04
GCST0000030	Body mass index	16	53714099	rs1000154	1.96e-21	-0.5588	FTO	32054802	2022-02-04
GCST0000092	Melanoma	9	21965123	rs1000447	1.68e-21	0.5293	CDKN2A	27032665	2020-12-22
GCST0000092	Melanoma	7	140753912	rs1000448	2.01e-09	0.3163	BRAF	27032665	2020-11-05
GCST0000072	Lung cancer	12	25227926	rs1000351	7.09e-12	-0.912	KRAS	35972328	2011-03-27
GCST0000037	Schizophrenia	14	104747053	rs1000190	2.62e-27	0.9047	AKT1	37916054	2021-05-11
GCST0000058	Colorectal cancer	3	36963567	rs1000287	2.14e-13	-0.2782	MLH1	24608010	2017-03-02
GCST0000104	Parkinson disease	1	155183728	rs1000510	2.66e-06	0.2189	GBA	27956371	2020-10-16
GCST0000037	Schizophrenia	13	106339773	rs1000189	2.06e-29	1.4995	DAOA	37916054	2021-10-05
GCST0000063	Colorectal cancer	7	140696732	rs1000313	6.63e-06	1.4528	BRAF	33930267	2012-11-13
GCST0000016	Alzheimer disease	11	59977623	rs1000084	1.35e-26	1.4439	MS4A6A	22352155	2024-07-07
GCST0000006	Type 2 diabetes	11	17344219	rs1000033	1.96e-09	-0.6469	KCNJ11	28690472	2010-03-20
GCST0000052	Colorectal cancer	2	47365910	rs1000262	2.17e-09	-0.2229	MSH2	22146061	2010-07-03
GCST0000039	Schizophrenia	6	15533624	rs1000197	4.50e-21	-0.1977	DTNBP1	31384519	2008-07-03
GCST0000027	Body mass index	1	71888973	rs1000141	2.27e-19	-0.0754	NEGR1	21319735	2019-04-09
GCST0000034	Body mass index	1	71859241	rs1000174	1.17e-13	0.0913	NEGR1	20851094	2014-03-09
GCST0000084	Hypertension	17	61513365	rs1000404	8.64e-08	0.4711	ACE	37030241	2014-12-15
GCST0000063	Colorectal cancer	7	140683868	rs1000314	1.79e-27	0.2073	BRAF	33930267	2012-08-06
GCST0000102	Atrial fibrillation	7	116701128	rs1000499	1.43e-15	-1.1073	CAV1	27719641	2010-10-28
GCST0000094	Melanoma	7	140751487	rs1000461	1.50e-28	-1.1724	BRAF	35205111	2008-11-06
GCST0000108	Parkinson disease	1	20950168	rs1000534	1.90e-20	0.9204	PINK1	21823326	2020-02-17
GCST0000033	Body mass index	11	47684861	rs1000171	1.82e-23	0.9296	MTCH2	21197835	2013-01-09
GCST0000055	Colorectal cancer	5	112679205	rs1000279	2.09e-23	0.216	APC	26799508	2020-12-10
GCST0000086	Hypertension	17	61571596	rs1000413	2.03e-08	-0.5186	ACE	29275337	2008-09-21
GCST0000024	Alzheimer disease	11	59980599	rs1000129	7.09e-27	-0.6992	MS4A6A	31410613	2009-05-21
GCST0000018	Alzheimer disease	8	27460100	rs1000094	7.41e-24	-0.6644	CLU	32899124	2022-12-25
GCST0000086	Hypertension	7	150964542	rs1000414	2.42e-21	1.303	NOS3	29275337	2008-07-14
GCST0000086	Hypertension	17	61520256	rs1000415	1.55e-11	-1.1823	ACE	29275337	2008-06-06
GCST0000055	Colorectal cancer	7	140757203	rs1000278	5.61e-28	0.7077	BRAF	26799508	2020-11-03
GCST0000048	Inflammatory bowel disease	3	49732473	rs1000241	4.21e-16	0.3883	MST1	28143075	2011-04-05
GCST0000027	Body mass index	2	683994	rs1000146	8.88e-09	1.1009	TMEM18	21319735	2019-08-13
GCST0000020	Alzheimer disease	11	59961224	rs1000108	1.64e-15	-0.0159	MS4A6A	32043300	2017-07-20
GCST0000032	Body mass index	1	71882382	rs1000164	6.32e-13	-0.0175	NEGR1	26357373	2011-03-14
GCST0000056	Colorectal cancer	18	51007189	rs1000283	7.38e-12	0.6169	SMAD4	31319356	2019-10-15
GCST0000001	Type 2 diabetes	11	17382042	rs1000000	6.60e-09	0.5766	KCNJ11	33174625	2012-01-09
GCST0000077	Lung cancer	12	25253862	rs1000373	1.25e-23	0.1294	KRAS	21262358	2012-05-01
GCST0000093	Melanoma	9	21962892	rs1000454	4.41e-26	-0.6929	CDKN2A	28434972	2017-04-24
GCST0000005	Type 2 diabetes	11	17346618	rs1000024	1.96e-10	1.1519	KCNJ11	23565148	2021-02-03
GCST0000032	Body mass index	2	682469	rs1000163	4.43e-18	-0.8265	TMEM18	26357373	2011-04-07
GCST0000064	Rheumatoid arthritis	1	113819793	rs1000319	9.46e-22	1.3292	PTPN22	25536686	2021-01-28
GCST0000042	Schizophrenia	13	106354305	rs1000214	8.87e-27	1.0746	DAOA	27102740	2023-09-07
GCST0000105	Parkinson disease	6	161771579	rs1000513	4.77e-26	-1.4408	PRKN	26709404	2019-09-27
GCST0000065	Rheumatoid arthritis	1	17661333	rs1000322	9.94e-28	0.923	PADI4	28175356	2008-12-08
GCST0000082	Hypertension	3	148729984	rs1000394	6.96e-22	1.2567	AGTR1	23942908	2023-06-23
GCST0000081	Hypertension	17	61531485	rs1000390	5.65e-09	-0.883	ACE	27906733	2013-07-27
GCST0000073	Lung cancer	17	7636635	rs1000356	1.61e-10	-0.3654	TP53	26917589	2011-06-11
GCST0000030	Body mass index	16	53708561	rs1000155	5.75e-12	0.6407	FTO	32054802	2022-11-25
GCST0000060	Colorectal cancer	18	51052978	rs1000296	5.09e-17	-1.497	SMAD4	25819937	2017-08-27
GCST0000058	Colorectal cancer	3	37023893	rs1000288	9.37e-30	-0.9556	MLH1	24608010	2017-12-02
GCST0000065	Rheumatoid arthritis	9	120935603	rs1000325	1.00e-17	0.9242	TRAF1	28175356	2008-10-26
GCST0000006	Type 2 diabetes	8	117182145	rs1000031	2.50e-13	-1.1041	SLC30A8	28690472	2010-05-06
GCST0000068	Rheumatoid arthritis	9	120935354	rs1000334	4.45e-17	-0.5154	TRAF1	20524466	2022-04-04
GCST0000061	Colorectal cancer	3	36952519	rs1000300	3.05e-13	-0.3141	MLH1	22121374	2010-02-27
GCST0000033	Body mass index	16	53754006	rs1000172	3.23e-21	-0.5925	FTO	21197835	2013-07-22
GCST0000021	Alzheimer disease	19	44895761	rs1000113	1.37e-08	-0.9907	APOE	30161224	2019-09-11
GCST0000022	Alzheimer disease	11	85644583	rs1000118	3.77e-18	1.042	PICALM	21852025	2009-02-27
GCST0000092	Melanoma	10	89663875	rs1000453	2.78e-13	1.4031	PTEN	27032665	2020-11-13
GCST0000097	Melanoma	10	89577355	rs1000477	6.36e-09	0.8905	PTEN	20975267	2022-05-27
GCST0000041	Schizophrenia	13	106385451	rs1000208	2.20e-08	0.1031	DAOA	33606585	2010-01-13
GCST0000095	Melanoma	1	114740250	rs1000464	1.86e-25	-1.3744	NRAS	23503790	2008-04-17
GCST0000101	Atrial fibrillation	16	72863061	rs1000495	4.36e-29	-0.8248	ZFHX3	26668990	2017-12-02
GCST0000009	Breast cancer	2	215659750	rs1000046	1.14e-13	0.3152	BARD1	20629641	2022-01-22
GCST0000020	Alzheimer disease	2	127070924	rs1000102	9.93e-28	-1.1426	BIN1	32043300	2017-08-11
GCST0000003	Type 2 diabetes	8	117195316	rs1000009	1.49e-24	0.5795	SLC30A8	24827563	2024-07-07
GCST0000044	Schizophrenia	8	31523057	rs1000218	3.74e-24	0.2875	NRG1	24998054	2014-09-10
GCST0000015	Alzheimer disease	8	27494980	rs1000074	8.40e-25	-1.1648	CLU	34631667	2019-01-25
GCST0000019	Alzheimer disease	2	127111214	rs1000098	4.77e-07	-1.2953	BIN1	24066919	2024-11-01
GCST0000027	Body mass index	11	47683714	rs1000140	4.00e-07	0.1004	MTCH2	21319735	2019-12-04
GCST0000004	Type 2 diabetes	10	113021744	rs1000019	1.85e-23	-0.8859	TCF7L2	34470468	2013-06-08
GCST0000086	Hypertension	8	144023751	rs1000418	5.96e-15	-1.298	CYP11B2	29275337	2008-04-14
GCST0000099	Atrial fibrillation	15	73603359	rs1000487	1.41e-29	0.2308	HCN4	27895352	2021-01-10
GCST0000013	Coronary artery disease	16	56988028	rs1000061	3.45e-07	-0.541	CETP	33130868	2007-12-05
GCST0000022	Alzheimer disease	1	207533961	rs1000117	3.25e-14	0.3445	CR1	21852025	2009-06-14
GCST0000015	Alzheimer disease	11	60040398	rs1000076	1.46e-18	-1.3222	MS4A6A	34631667	2019-02-09
GCST0000062	Colorectal cancer	18	51072980	rs1000302	4.81e-17	-0.7622	SMAD4	29190336	2011-06-11
GCST0000018	Alzheimer disease	2	127061184	rs1000096	1.27e-17	0.3095	BIN1	32899124	2022-07-16
GCST0000107	Parkinson disease	12	40628590	rs1000526	8.29e-08	-0.7375	LRRK2	35803810	2022-07-23
GCST0000108	Parkinson disease	6	161797568	rs1000529	6.49e-12	-0.6896	PRKN	21823326	2020-09-04
GCST0000051	Prostate cancer	17	46773810	rs1000257	6.41e-07	0.4529	HOXB13	35307014	2012-02-15
GCST0000010	Coronary artery disease	2	20960082	rs1000052	4.69e-29	0.272	APOB	20029113	2008-07-03
GCST0000048	Inflammatory bowel disease	1	113862535	rs1000242	1.45e-24	-0.2348	PTPN22	28143075	2011-04-05
GCST0000102	Atrial fibrillation	1	154804972	rs1000502	5.70e-11	0.9131	KCNN3	27719641	2010-04-24
GCST0000108	Parkinson disease	1	155168008	rs1000533	2.70e-25	-1.1295	GBA	21823326	2020-09-24
GCST0000066	Rheumatoid arthritis	1	17708089	rs1000328	7.90e-25	0.376	PADI4	24475184	2010-10-04
GCST0000025	Body mass index	11	27607502	rs1000134	4.14e-07	1.1895	BDNF	29729398	2013-06-20
GCST0000106	Parkinson disease	12	40574864	rs1000520	2.21e-29	0.0583	LRRK2	27404213	2009-05-22
GCST0000027	Body mass index	16	53772468	rs1000143	6.76e-30	0.3174	FTO	21319735	2019-12-22
GCST0000093	Melanoma	7	140692448	rs1000458	4.30e-15	0.6121	BRAF	28434972	2017-04-16
GCST0000086	Hypertension	17	61543944	rs1000419	6.48e-25	-0.0013	ACE	29275337	2008-02-23
GCST0000052	Colorectal cancer	3	36986324	rs1000261	1.23e-18	-0.9223	MLH1	22146061	2010-06-15
GCST0000085	Hypertension	3	148775450	rs1000408	5.15e-26	0.423	AGTR1	35576504	2013-12-22
GCST0000089	Hypertension	17	61520879	rs1000433	5.08e-08	0.2779	ACE	36693827	2012-04-08
GCST0000024	Alzheimer disease	8	27499672	rs1000126	2.14e-21	0.0668	CLU	31410613	2009-06-15
GCST0000101	Atrial fibrillation	7	116637008	rs1000494	2.96e-30	-0.5006	CAV1	26668990	2017-12-07
GCST0000008	Breast cancer	11	108245047	rs1000042	1.20e-08	-1.4256	ATM	28408618	2021-10-27
GCST0000050	Prostate cancer	3	37040699	rs1000248	1.44e-13	-0.4675	MLH1	30312529	2010-05-17
GCST0000027	Body mass index	18	57808569	rs1000144	5.41e-23	0.8664	MC4R	21319735	2019-04-09
GCST0000110	Parkinson disease	16	46730256	rs1000537	6.93e-09	-0.3636	VPS35	35266960	2012-12-09
GCST0000075	Lung cancer	12	25214501	rs1000364	2.64e-27	-0.3123	KRAS	35113558	2020-05-14
GCST0000106	Parkinson disease	16	46655578	rs1000517	8.66e-20	1.0544	VPS35	27404213	2009-01-03
GCST0000107	Parkinson disease	1	20992972	rs1000528	3.80e-23	-0.9221	PINK1	35803810	2022-06-19
GCST0000062	Colorectal cancer	3	179099369	rs1000305	1.52e-22	-0.2605	PIK3CA	29190336	2011-12-23
GCST0000084	Hypertension	1	230685558	rs1000402	1.21e-15	-1.4678	AGT	37030241	2014-02-23
GCST0000034	Body mass index	16	53703189	rs1000175	1.47e-13	1.4355	FTO	20851094	2014-08-28
GCST0000096	Melanoma	10	89619860	rs1000467	1.49e-27	0.9188	PTEN	25901808	2012-01-15
GCST0000023	Alzheimer disease	11	85674120	rs1000121	5.71e-11	0.887	PICALM	32259291	2024-11-27
GCST0000002	Type 2 diabetes	3	185514985	rs1000006	3.26e-20	1.1755	IGF2BP2	36510703	2010-10-05
GCST0000072	Lung cancer	12	25189559	rs1000352	1.71e-28	-1.437	KRAS	35972328	2011-11-05
GCST0000101	Atrial fibrillation	7	116715709	rs1000497	1.55e-28	-1.0224	CAV1	26668990	2017-01-18
GCST0000084	Hypertension	17	61522310	rs1000403	6.64e-14	0.746	ACE	37030241	2014-08-15
GCST0000013	Coronary artery disease	19	11106816	rs1000064	1.43e-10	0.3841	LDLR	33130868	2007-02-20
GCST0000106	Parkinson disease	1	155170373	rs1000516	1.05e-06	0.2252	GBA	27404213	2009-11-06
GCST0000080	Lung cancer	7	55011847	rs1000389	3.22e-27	-0.2674	EGFR	34052122	2007-03-04
GCST0000078	Lung cancer	13	48326183	rs1000376	1.15e-24	0.6675	RB1	36773445	2009-08-11
GCST0000014	Coronary artery disease	19	44877164	rs1000067	2.75e-08	-1.0363	APOE	37293383	2022-04-27
GCST0000040	Schizophrenia	13	106359787	rs1000199	3.09e-13	1.4526	DAOA	31331955	2008-11-10
GCST0000051	Prostate cancer	17	46765439	rs1000256	9.13e-27	-0.7207	HOXB13	35307014	2012-09-12
GCST0000040	Schizophrenia	6	15500292	rs1000204	3.07e-24	-0.1114	DTNBP1	31331955	2008-03-27
GCST0000033	Body mass index	18	57877805	rs1000166	7.82e-23	-0.1255	MC4R	21197835	2013-01-16
GCST0000014	Coronary artery disease	1	55059595	rs1000065	3.15e-20	0.9699	PCSK9	37293383	2022-01-05
GCST0000071	Rheumatoid arthritis	6	32543867	rs1000349	2.75e-09	-0.1788	HLA-DRB1	22991083	2016-11-19
GCST0000095	Melanoma	12	57701352	rs1000465	4.06e-15	0.0602	CDK4	23503790	2008-05-16
GCST0000055	Colorectal cancer	12	25236340	rs1000281	2.85e-19	0.7728	KRAS	26799508	2020-10-17
GCST0000050	Prostate cancer	2	47379954	rs1000250	6.46e-28	0.3731	MSH2	30312529	2010-10-21
GCST0000076	Lung cancer	12	25226896	rs1000370	8.10e-22	0.8576	KRAS	28028023	2012-04-04
GCST0000092	Melanoma	12	57725150	rs1000452	1.26e-27	-1.0025	CDK4	27032665	2020-07-09
GCST0000025	Body mass index	18	57889440	rs1000136	3.67e-22	-1.2291	MC4R	29729398	2013-12-27
GCST0000069	Rheumatoid arthritis	8	11384777	rs1000340	1.14e-18	0.473	BLK	22708601	2007-03-02
GCST0000107	Parkinson disease	12	40597021	rs1000523	1.16e-29	0.3064	LRRK2	35803810	2022-04-19
GCST0000091	Hypertension	1	230669414	rs1000444	6.03e-16	-1.3835	AGT	21812865	2018-02-13
GCST0000069	Rheumatoid arthritis	9	120963064	rs1000341	2.10e-18	1.0055	TRAF1	22708601	2007-01-14
GCST0000079	Lung cancer	9	21979982	rs1000385	1.92e-08	0.2085	CDKN2A	30106587	2018-08-21
GCST0000004	Type 2 diabetes	9	21961752	rs1000016	4.04e-24	-1.3356	CDKN2A	34470468	2013-11-12
GCST0000106	Parkinson disease	6	161788457	rs1000521	7.53e-17	0.2312	PRKN	27404213	2009-12-11
GCST0000043	Schizophrenia	6	15547485	rs1000215	2.84e-16	-1.1506	DTNBP1	35380357	2024-03-24
GCST0000083	Hypertension	7	150971115	rs1000397	7.27e-28	-1.0262	NOS3	23210617	2018-11-18
GCST0000096	Melanoma	10	89605771	rs1000470	6.16e-15	0.3551	PTEN	25901808	2012-11-28
GCST0000004	Type 2 diabetes	6	20681767	rs1000020	1.45e-08	-0.0645	CDKAL1	34470468	2013-10-28
GCST0000027	Body mass index	18	57873850	rs1000145	2.41e-15	0.4168	MC4R	21319735	2019-12-12
GCST0000103	Parkinson disease	16	46708113	rs1000507	2.71e-13	0.2885	VPS35	27643097	2010-03-21
GCST0000012	Coronary artery disease	9	104771742	rs1000056	1.26e-29	1.0027	ABCA1	25087102	2017-08-04
GCST0000085	Hypertension	12	6799485	rs1000412	1.85e-30	-0.4887	GNB3	35576504	2013-04-22
GCST0000074	Lung cancer	13	48315847	rs1000363	1.96e-12	-0.2972	RB1	29091564	2023-10-21
GCST0000036	Schizophrenia	8	31480143	rs1000183	1.78e-24	0.9677	NRG1	30325734	2022-10-22
GCST0000090	Hypertension	1	230723146	rs1000436	9.99e-08	1.4177	AGT	25360642	2008-07-13
GCST0000045	Inflammatory bowel disease	16	50689038	rs1000222	6.19e-17	-0.1913	NOD2	21237409	2011-03-10
GCST0000078	Lung cancer	12	25194520	rs1000382	7.05e-14	-1.4303	KRAS	36773445	2009-01-05
GCST0000086	Hypertension	12	6855955	rs1000417	3.14e-11	0.4739	GNB3	29275337	2008-05-21
GCST0000014	Coronary artery disease	16	56928990	rs1000071	8.22e-29	-0.0614	CETP	37293383	2022-05-23
GCST0000016	Alzheimer disease	2	127027444	rs1000082	7.84e-29	1.2614	BIN1	22352155	2024-12-16
GCST0000080	Lung cancer	9	21926924	rs1000388	4.30e-17	-0.394	CDKN2A	34052122	2007-01-06
GCST0000084	Hypertension	1	230748633	rs1000401	1.81e-24	-0.3565	AGT	37030241	2014-12-13
GCST0000045	Inflammatory bowel disease	2	233761662	rs1000224	2.03e-20	0.5549	ATG16L1	21237409	2011-10-28
GCST0000012	Coronary artery disease	19	11100208	rs1000055	2.44e-11	0.8737	LDLR	25087102	2017-03-09
GCST0000026	Body mass index	18	57817215	rs1000137	8.93e-19	0.9869	MC4R	25926326	2024-09-09
GCST0000054	Colorectal cancer	2	47428179	rs1000274	1.81e-13	-0.1429	MSH2	27401185	2009-06-26
GCST0000018	Alzheimer disease	11	85696121	rs1000093	7.93e-27	-0.2871	PICALM	32899124	2022-04-27
GCST0000044	Schizophrenia	22	19896621	rs1000219	6.50e-18	-0.0417	COMT	24998054	2014-10-24
GCST0000037	Schizophrenia	6	15527765	rs1000186	1.43e-09	-1.2568	DTNBP1	37916054	2021-12-22
GCST0000099	Atrial fibrillation	7	116716298	rs1000490	9.11e-21	-0.8336	CAV1	27895352	2021-07-01
GCST0000098	Melanoma	12	57721403	rs1000480	5.96e-29	-0.5205	CDK4	37277301	2010-07-25
GCST0000040	Schizophrenia	13	106351321	rs1000202	4.34e-08	0.4826	DAOA	31331955	2008-10-27
GCST0000048	Inflammatory bowel disease	1	113801396	rs1000240	2.37e-18	-1.2443	PTPN22	28143075	2011-06-23
GCST0000097	Melanoma	3	69788500	rs1000475	4.50e-13	-0.9148	MITF	20975267	2022-03-28
GCST0000024	Alzheimer disease	11	85675206	rs1000128	5.54e-16	1.0806	PICALM	31410613	2009-02-21
GCST0000068	Rheumatoid arthritis	2	191043475	rs1000336	2.46e-28	-1.1221	STAT4	20524466	2022-09-09
GCST0000082	Hypertension	12	6860173	rs1000393	3.13e-17	0.2284	GNB3	23942908	2023-12-03
GCST0000015	Alzheimer disease	11	85706035	rs1000079	1.63e-14	-1.2277	PICALM	34631667	2019-12-09
GCST0000100	Atrial fibrillation	7	116648419	rs1000492	2.11e-24	1.0474	CAV1	30937815	2020-12-02
GCST0000088	Hypertension	3	148750228	rs1000432	1.80e-21	-1.3061	AGTR1	25006905	2022-08-03
GCST0000013	Coronary artery disease	16	56958449	rs1000063	6.06e-07	-0.625	CETP	33130868	2007-11-03
GCST0000042	Schizophrenia	14	104800186	rs1000210	9.59e-15	0.5214	AKT1	27102740	2023-12-22
GCST0000107	Parkinson disease	4	89721162	rs1000524	1.16e-12	0.6873	SNCA	35803810	2022-07-03
GCST0000090	Hypertension	12	6817812	rs1000437	1.71e-17	-0.2319	GNB3	25360642	2008-10-24
GCST0000099	Atrial fibrillation	3	38547769	rs1000488	1.77e-20	-0.9304	SCN5A	27895352	2021-07-14
GCST0000008	Breast cancer	16	23582043	rs1000043	7.09e-17	-1.2226	PALB2	28408618	2021-01-20
GCST0000019	Alzheimer disease	19	44923946	rs1000101	6.47e-25	0.8782	APOE	24066919	2024-04-10
GCST0000050	Prostate cancer	8	90065607	rs1000251	3.66e-23	1.163	NBN	30312529	2010-11-13
GCST0000044	Schizophrenia	1	162685104	rs1000220	4.15e-29	1.2152	RGS4	24998054	2014-08-08
GCST0000010	Coronary artery disease	2	20978651	rs1000051	2.63e-13	1.4651	APOB	20029113	2008-09-11
GCST0000001	Type 2 diabetes	3	12308456	rs1000004	6.89e-08	1.0709	PPARG	33174625	2012-08-28
GCST0000087	Hypertension	3	148769247	rs1000424	2.42e-23	-1.4601	AGTR1	26500130	2010-01-20
GCST0000040	Schizophrenia	22	19943275	rs1000205	7.39e-07	-0.2512	COMT	31331955	2008-12-10
GCST0000106	Parkinson disease	1	155222752	rs1000522	1.70e-28	1.4904	GBA	27404213	2009-10-18
GCST0000076	Lung cancer	9	21964819	rs1000369	2.90e-28	-0.6164	CDKN2A	28028023	2012-09-17
GCST0000035	Schizophrenia	22	19896470	rs1000179	1.75e-17	-1.0093	COMT	33044873	2009-08-14
GCST0000001	Type 2 diabetes	3	12378008	rs1000002	2.57e-14	1.1592	PPARG	33174625	2012-10-06
GCST0000011	Coronary artery disease	2	20969364	rs1000054	1.04e-10	0.9969	APOB	33102462	2015-05-18
GCST0000035	Schizophrenia	8	31504814	rs1000181	1.90e-30	0.1826	NRG1	33044873	2009-08-16
GCST0000029	Body mass index	16	53733993	rs1000152	3.01e-16	0.6877	FTO	33089742	2010-09-24
GCST0000033	Body mass index	11	47634265	rs1000168	1.47e-23	0.6254	MTCH2	21197835	2013-12-20
GCST0000047	Inflammatory bowel disease	16	50703504	rs1000235	8.59e-30	0.7673	NOD2	35811507	2008-02-26
GCST0000104	Parkinson disease	1	20946061	rs1000508	1.55e-21	-0.1646	PINK1	27956371	2020-01-04
GCST0000103	Parkinson disease	4	89730081	rs1000503	1.03e-22	-0.9953	SNCA	27643097	2010-01-04
GCST0000035	Schizophrenia	1	162619699	rs1000182	7.15e-27	1.1006	RGS4	33044873	2009-02-12
GCST0000006	Type 2 diabetes	10	113024096	rs1000029	2.69e-14	0.4382	TCF7L2	28690472	2010-06-16
GCST0000050	Prostate cancer	2	47433073	rs1000249	9.74e-29	0.6009	MSH2	30312529	2010-08-21
GCST0000064	Rheumatoid arthritis	9	120961829	rs1000316	9.44e-28	0.6867	TRAF1	25536686	2021-05-07
GCST0000047	Inflammatory bowel disease	3	49707258	rs1000237	8.93e-07	-1.1838	MST1	35811507	2008-11-04
GCST0000004	Type 2 diabetes	6	20658953	rs1000018	6.91e-15	0.4445	CDKAL1	34470468	2013-12-03
GCST0000087	Hypertension	1	230747420	rs1000422	8.85e-18	-0.4947	AGT	26500130	2010-10-19
GCST0000096	Melanoma	3	69816949	rs1000469	8.47e-09	0.0919	MITF	25901808	2012-12-25
GCST0000066	Rheumatoid arthritis	1	113775022	rs1000329	4.33e-30	1.2501	PTPN22	24475184	2010-07-11
GCST0000030	Body mass index	11	27621944	rs1000156	6.70e-27	0.5573	BDNF	32054802	2022-06-15
GCST0000021	Alzheimer disease	1	207492527	rs1000111	3.88e-07	-0.7673	CR1	30161224	2019-04-21
GCST0000040	Schizophrenia	22	19901801	rs1000201	1.17e-28	0.0402	COMT	31331955	2008-09-14
GCST0000059	Colorectal cancer	7	140735442	rs1000291	2.36e-15	-1.1548	BRAF	27154873	2008-01-11
GCST0000065	Rheumatoid arthritis	1	17740991	rs1000323	2.54e-16	-1.2767	PADI4	28175356	2008-04-07
GCST0000078	Lung cancer	9	21929007	rs1000377	1.49e-13	-0.9365	CDKN2A	36773445	2009-12-14
GCST0000001	Type 2 diabetes	8	117140005	rs1000001	1.67e-08	-0.1034	SLC30A8	33174625	2012-07-06
GCST0000021	Alzheimer disease	1	207543748	rs1000109	2.52e-20	0.7956	CR1	30161224	2019-11-11
GCST0000025	Body mass index	16	53726931	rs1000135	2.09e-27	1.2017	FTO	29729398	2013-07-12
GCST0000029	Body mass index	11	47660577	rs1000150	6.88e-29	-0.5018	MTCH2	33089742	2010-07-27
GCST0000050	Prostate cancer	13	32317777	rs1000247	7.17e-28	0.6024	BRCA2	30312529	2010-05-24
GCST0000030	Body mass index	4	44707397	rs1000153	8.22e-17	0.4233	GNPDA2	32054802	2022-01-13
GCST0000028	Body mass index	2	621753	rs1000148	3.27e-27	-1.0193	TMEM18	26409002	2016-08-21
GCST0000013	Coronary artery disease	2	21018594	rs1000060	4.74e-24	-1.4474	APOB	33130868	2007-05-06
GCST0000091	Hypertension	3	148753018	rs1000439	2.26e-13	-0.6503	AGTR1	21812865	2018-09-20
GCST0000082	Hypertension	1	230712406	rs1000392	7.56e-21	-0.7595	AGT	23942908	2023-06-19
GCST0000089	Hypertension	7	151034289	rs1000435	1.15e-10	-0.2279	NOS3	36693827	2012-10-08
GCST0000054	Colorectal cancer	7	140769197	rs1000276	3.44e-09	0.4094	BRAF	27401185	2009-08-22
GCST0000103	Parkinson disease	16	46711627	rs1000505	5.59e-22	0.2802	VPS35	27643097	2010-03-21
GCST0000104	Parkinson disease	16	46679945	rs1000511	4.54e-23	-1.2163	VPS35	27956371	2020-10-06
GCST0000070	Rheumatoid arthritis	1	113860094	rs1000347	6.18e-25	0.944	PTPN22	20242397	2012-12-13
GCST0000034	Body mass index	16	53710139	rs1000173	2.55e-18	1.291	FTO	20851094	2014-08-05
GCST0000012	Coronary artery disease	9	104818095	rs1000057	2.25e-22	-0.6369	ABCA1	25087102	2017-03-16
GCST0000037	Schizophrenia	1	230377437	rs1000191	2.54e-24	0.1415	DISC1	37916054	2021-10-13
GCST0000016	Alzheimer disease	11	59991703	rs1000087	1.18e-19	-1.3782	MS4A6A	22352155	2024-06-16
GCST0000038	Schizophrenia	8	31473892	rs1000194	3.44e-13	0.9033	NRG1	20550906	2008-12-26
GCST0000050	Prostate cancer	2	47404184	rs1000253	7.46e-24	0.7202	MSH2	30312529	2010-03-17
GCST0000043	Schizophrenia	22	19983860	rs1000216	7.39e-17	-0.0449	COMT	35380357	2024-01-28
GCST0000005	Type 2 diabetes	6	20632633	rs1000026	1.26e-12	0.5912	CDKAL1	23565148	2021-08-05
GCST0000035	Schizophrenia	22	19906977	rs1000180	1.32e-30	1.2816	COMT	33044873	2009-01-15
GCST0000052	Colorectal cancer	12	25167337	rs1000263	2.79e-07	1.1655	KRAS	22146061	2010-08-07
GCST0000014	Coronary artery disease	9	104757095	rs1000068	1.33e-25	0.176	ABCA1	37293383	2022-12-27
GCST0000088	Hypertension	12	6891882	rs1000429	5.23e-14	-0.7733	GNB3	25006905	2022-09-02
GCST0000037	Schizophrenia	1	230433053	rs1000187	4.45e-17	1.3656	DISC1	37916054	2021-10-22
GCST0000007	Breast cancer	13	32318112	rs1000038	5.29e-29	0.8056	BRCA2	22446772	2009-08-11
GCST0000108	Parkinson disease	12	40658463	rs1000530	1.95e-19	-1.3021	LRRK2	21823326	2020-11-03
GCST0000021	Alzheimer disease	1	207501689	rs1000115	2.16e-12	0.5879	CR1	30161224	2019-10-01
GCST0000094	Melanoma	1	114674368	rs1000462	4.70e-13	-0.3668	NRAS	35205111	2008-05-03
GCST0000053	Colorectal cancer	12	25224601	rs1000268	1.12e-08	-0.8621	KRAS	23831234	2022-08-02
GCST0000082	Hypertension	12	6822260	rs1000391	6.52e-06	-1.0719	GNB3	23942908	2023-02-27
GCST0000092	Melanoma	1	114714285	rs1000451	1.14e-15	0.2585	NRAS	27032665	2020-02-17
GCST0000097	Melanoma	9	21985916	rs1000476	1.24e-27	0.8546	CDKN2A	20975267	2022-12-17
GCST0000070	Rheumatoid arthritis	2	191023628	rs1000345	4.00e-18	1.2599	STAT4	20242397	2012-11-08
GCST0000106	Parkinson disease	12	40624263	rs1000519	3.74e-30	0.4745	LRRK2	27404213	2009-04-10
GCST0000046	Inflammatory bowel disease	1	113818334	rs1000229	2.65e-29	-0.0188	PTPN22	36404584	2007-04-07
GCST0000063	Colorectal cancer	2	47446022	rs1000310	1.13e-14	-1.2301	MSH2	33930267	2012-10-21
GCST0000005	Type 2 diabetes	3	12286654	rs1000021	4.78e-15	-0.1428	PPARG	23565148	2021-09-17
GCST0000063	Colorectal cancer	12	25194984	rs1000311	6.16e-26	-0.8366	KRAS	33930267	2012-08-12
GCST0000071	Rheumatoid arthritis	6	32575943	rs1000350	7.99e-07	-1.4109	HLA-DRB1	22991083	2016-04-10
GCST0000053	Colorectal cancer	7	140722885	rs1000270	1.74e-08	-0.3912	BRAF	23831234	2022-05-02
GCST0000098	Melanoma	1	114728390	rs1000483	5.48e-08	0.5754	NRAS	37277301	2010-04-19
GCST0000092	Melanoma	9	21938910	rs1000450	4.92e-06	0.8129	CDKN2A	27032665	2020-11-23
GCST0000087	Hypertension	7	150983220	rs1000421	4.14e-10	0.7851	NOS3	26500130	2010-12-11
GCST0000096	Melanoma	16	89932021	rs1000471	1.34e-18	0.4807	MC1R	25901808	2012-01-21
GCST0000099	Atrial fibrillation	1	154883588	rs1000486	2.82e-29	0.2185	KCNN3	27895352	2021-03-28
GCST0000068	Rheumatoid arthritis	8	11415588	rs1000338	3.62e-09	-1.3678	BLK	20524466	2022-03-10
GCST0000078	Lung cancer	9	21945222	rs1000378	1.08e-16	1.0588	CDKN2A	36773445	2009-01-12
GCST0000024	Alzheimer disease	2	127098124	rs1000125	4.81e-19	0.3433	BIN1	31410613	2009-07-19
GCST0000034	Body mass index	18	57838234	rs1000176	2.02e-24	1.2787	MC4R	20851094	2014-05-09
GCST0000079	Lung cancer	7	140748363	rs1000383	1.43e-28	0.2216	BRAF	30106587	2018-07-13
GCST0000054	Colorectal cancer	3	179169880	rs1000273	1.92e-14	1.1113	PIK3CA	27401185	2009-07-16
GCST0000074	Lung cancer	19	1183223	rs1000359	6.57e-24	0.854	STK11	29091564	2023-11-20
GCST0000044	Schizophrenia	13	106298218	rs1000217	2.71e-08	1.0429	DAOA	24998054	2014-07-14
GCST0000075	Lung cancer	7	140718752	rs1000365	5.20e-20	1.3065	BRAF	35113558	2020-06-09
GCST0000001	Type 2 diabetes	11	17421640	rs1000003	1.52e-29	1.2167	KCNJ11	33174625	2012-10-18
GCST0000078	Lung cancer	17	7666717	rs1000381	2.28e-16	0.7579	TP53	36773445	2009-12-18
GCST0000088	Hypertension	7	150959577	rs1000425	4.04e-15	0.4261	NOS3	25006905	2022-04-24
GCST0000095	Melanoma	3	69800083	rs1000466	1.19e-24	0.3131	MITF	23503790	2008-06-12
GCST0000018	Alzheimer disease	19	44922828	rs1000097	1.07e-12	0.804	APOE	32899124	2022-02-04
GCST0000064	Rheumatoid arthritis	1	113861587	rs1000315	2.36e-07	-0.7211	PTPN22	25536686	2021-10-28
GCST0000002	Type 2 diabetes	3	12353545	rs1000007	3.50e-28	-0.2467	PPARG	36510703	2010-01-02
GCST0000041	Schizophrenia	22	19916029	rs1000207	1.11e-07	1.4466	COMT	33606585	2010-05-28
GCST0000024	Alzheimer disease	2	127033875	rs1000127	9.79e-12	0.7393	BIN1	31410613	2009-05-28
GCST0000104	Parkinson disease	1	155169532	rs1000509	8.59e-08	-0.0323	GBA	27956371	2020-11-17
GCST0000099	Atrial fibrillation	3	38610213	rs1000491	4.91e-27	-0.5522	SCN5A	27895352	2021-05-27
GCST0000026	Body mass index	4	44665881	rs1000139	5.86e-14	0.253	GNPDA2	25926326	2024-07-26
GCST0000089	Hypertension	7	151006207	rs1000434	1.11e-07	0.675	NOS3	36693827	2012-05-06
GCST0000003	Type 2 diabetes	11	17355411	rs1000010	1.10e-14	-0.7828	KCNJ11	24827563	2024-02-01
GCST0000103	Parkinson disease	1	155200853	rs1000504	4.43e-30	-0.9611	GBA	27643097	2010-01-04
GCST0000059	Colorectal cancer	5	112718423	rs1000292	1.49e-19	-1.3036	APC	27154873	2008-01-14
GCST0000016	Alzheimer disease	2	127075576	rs1000086	1.75e-08	-1.0923	BIN1	22352155	2024-06-23
GCST0000012	Coronary artery disease	19	44945952	rs1000058	7.59e-22	-1.4147	APOE	25087102	2017-05-16
GCST0000033	Body mass index	18	57834987	rs1000169	1.49e-07	0.171	MC4R	21197835	2013-01-11
GCST0000018	Alzheimer disease	19	51252030	rs1000095	1.44e-20	0.7689	CD33	32899124	2022-11-13
GCST0000048	Inflammatory bowel disease	1	67406111	rs1000245	5.57e-25	0.6529	IL23R	28143075	2011-09-03
GCST0000015	Alzheimer disease	19	44872021	rs1000078	9.94e-29	-0.8838	APOE	34631667	2019-04-06
GCST0000016	Alzheimer disease	11	85655082	rs1000081	5.08e-10	0.7621	PICALM	22352155	2024-01-24
GCST0000018	Alzheimer disease	2	127036624	rs1000092	2.41e-07	1.4256	BIN1	32899124	2022-06-07
GCST0000064	Rheumatoid arthritis	2	191060434	rs1000320	1.54e-16	1.4853	STAT4	25536686	2021-05-04
GCST0000086	Hypertension	8	143943939	rs1000416	8.84e-16	-0.5513	CYP11B2	29275337	2008-07-07
GCST0000108	Parkinson disease	1	155201801	rs1000531	1.86e-28	0.8342	GBA	21823326	2020-03-28
GCST0000017	Alzheimer disease	2	127087112	rs1000089	6.58e-16	1.4549	BIN1	27578162	2007-07-07
GCST0000063	Colorectal cancer	2	47357889	rs1000312	9.57e-13	1.2135	MSH2	33930267	2012-12-20
GCST0000047	Inflammatory bowel disease	16	50657237	rs1000234	2.19e-23	1.2799	NOD2	35811507	2008-08-26
GCST0000090	Hypertension	1	230716888	rs1000438	9.81e-25	0.9588	AGT	25360642	2008-08-01
GCST0000056	Colorectal cancer	7	140755605	rs1000282	3.94e-29	-0.9608	BRAF	31319356	2019-01-09
GCST0000059	Colorectal cancer	3	37026392	rs1000293	1.43e-11	1.1585	MLH1	27154873	2008-05-18
GCST0000105	Parkinson disease	6	161788761	rs1000514	2.59e-25	0.0903	PRKN	26709404	2019-02-17
GCST0000098	Melanoma	10	89659669	rs1000479	3.18e-23	-1.1836	PTEN	37277301	2010-12-01
GCST0000074	Lung cancer	12	25248633	rs1000362	4.50e-15	0.5835	KRAS	29091564	2023-12-16
GCST0000092	Melanoma	9	21951082	rs1000449	6.53e-12	0.235	CDKN2A	27032665	2020-11-27
